timestamp,offset_x,offset_y,offset_area,yaw,ud,fb,height,object_detected
2025-08-08T15:14:31.060537,-327.0,-294.0,-124094.5,-32,36,30,70,True
2025-08-08T15:14:31.118681,-315.0,-289.0,-119218.0,-31,36,30,70,True
2025-08-08T15:14:31.176443,-286.0,-277.0,-109963.0,-28,34,30,70,True
2025-08-08T15:14:31.232924,-258.0,-264.0,-102493.0,-25,33,30,70,True
2025-08-08T15:14:31.289570,-257.0,-258.0,-98641.5,-25,32,30,70,True
2025-08-08T15:14:31.345991,-218.0,-244.0,-87601.5,-21,30,30,70,True
2025-08-08T15:14:31.401439,-195.0,-230.0,-79635.5,-19,28,30,70,True
2025-08-08T15:14:31.457575,-181.0,-216.0,-73220.5,-18,27,30,70,True
2025-08-08T15:14:31.524397,-169.0,-211.0,-70840.5,-16,26,30,70,True
2025-08-08T15:14:31.580274,-158.0,-201.0,-67763.0,-15,25,30,70,True
2025-08-08T15:14:31.635514,-152.0,-188.0,-67123.0,-15,23,30,70,True
2025-08-08T15:14:31.691725,-147.0,-181.0,-66473.5,-14,22,30,70,True
2025-08-08T15:14:31.747617,-143.0,-166.0,-65166.0,-14,20,30,70,True
2025-08-08T15:14:31.805867,-143.0,-159.0,-64665.0,-14,19,30,70,True
2025-08-08T15:14:31.861598,-137.0,-146.0,-63212.5,-13,18,30,70,True
2025-08-08T15:14:31.919185,-135.0,-143.0,-62982.0,-13,17,30,70,True
2025-08-08T15:14:31.975886,-129.0,-142.0,-62725.0,-12,17,30,70,True
2025-08-08T15:14:32.034047,-123.0,-146.0,-62930.0,-12,18,30,70,True
2025-08-08T15:14:32.090858,-119.0,-150.0,-62995.0,-11,18,30,70,True
2025-08-08T15:14:32.147154,-118.0,-153.0,-62956.0,-11,19,30,70,True
2025-08-08T15:14:32.204853,-115.0,-157.0,-62483.0,-11,19,30,70,True
2025-08-08T15:14:32.260912,-113.0,-161.0,-62082.0,-11,20,30,70,True
2025-08-08T15:14:32.318407,-113.0,-163.0,-61838.5,-11,20,30,70,True
2025-08-08T15:14:32.375496,-111.0,-168.0,-61319.0,-11,21,30,70,True
2025-08-08T15:14:32.431037,-109.0,-169.0,-61668.5,-10,21,30,70,True
2025-08-08T15:14:32.486110,-110.0,-171.0,-61398.0,-11,21,30,70,True
2025-08-08T15:14:32.543032,-110.0,-169.0,-60758.5,-11,21,30,70,True
2025-08-08T15:14:32.598631,-111.0,-166.0,-60305.5,-11,20,30,70,True
2025-08-08T15:14:32.656047,-112.0,-163.0,-60292.5,-11,20,30,70,True
2025-08-08T15:14:32.712437,-113.0,-156.0,-60005.5,-11,19,30,70,True
2025-08-08T15:14:32.768585,-115.0,-149.0,-60027.5,-11,18,30,70,True
2025-08-08T15:14:32.825495,-111.0,-141.0,-59533.0,-11,17,29,70,True
2025-08-08T15:14:32.881701,-109.0,-137.0,-59399.5,-10,17,29,70,True
2025-08-08T15:14:32.936880,-105.0,-127.0,-58862.5,-10,15,29,70,True
2025-08-08T15:14:32.992322,-101.0,-121.0,-58237.0,-10,15,29,70,True
2025-08-08T15:14:33.047917,-98.0,-118.0,-57928.0,-9,14,28,70,True
2025-08-08T15:14:33.103582,-92.0,-112.0,-56958.0,-9,14,28,70,True
2025-08-08T15:14:33.161790,-86.0,-109.0,-56034.0,-8,13,28,70,True
2025-08-08T15:14:33.218583,-83.0,-107.0,-55585.5,-8,13,27,80,True
2025-08-08T15:14:33.274515,-75.0,-104.0,-54566.5,-7,13,27,80,True
2025-08-08T15:14:33.330918,-70.0,-101.0,-53444.5,-7,12,26,80,True
2025-08-08T15:14:33.385820,-63.0,-99.0,-52552.5,-6,12,26,80,True
2025-08-08T15:14:33.440683,-60.0,-98.0,-52432.0,-6,12,26,80,True
2025-08-08T15:14:33.497016,-55.0,-94.0,-50975.5,-5,11,25,80,True
2025-08-08T15:14:33.552981,-53.0,-93.0,-50493.5,-5,11,25,80,True
2025-08-08T15:14:33.609676,-49.0,-90.0,-49615.5,-4,11,24,80,True
2025-08-08T15:14:33.666308,-47.0,-88.0,-48869.5,-4,11,24,80,True
2025-08-08T15:14:33.722584,-47.0,-86.0,-48287.5,-4,10,24,80,True
2025-08-08T15:14:33.779262,-45.0,-83.0,-46790.0,-4,10,23,80,True
2025-08-08T15:14:33.835798,-44.0,-78.0,-45804.0,-4,9,22,80,True
2025-08-08T15:14:33.894221,-42.0,-77.0,-45032.5,-4,9,22,80,True
2025-08-08T15:14:33.951978,-41.0,-76.0,-43767.5,-4,9,21,80,True
2025-08-08T15:14:34.008453,-40.0,-75.0,-42828.5,-4,9,21,80,True
2025-08-08T15:14:34.063407,-39.0,-74.0,-42397.0,-3,9,21,80,True
2025-08-08T15:14:34.121163,-39.0,-72.0,-42020.0,-3,9,21,80,True
2025-08-08T15:14:34.177604,-38.0,-71.0,-40893.5,-3,8,20,80,True
2025-08-08T15:14:34.233669,-37.0,-67.0,-39946.0,-3,8,19,80,True
2025-08-08T15:14:34.292160,-37.0,-66.0,-39368.5,-3,8,19,80,True
2025-08-08T15:14:34.346941,-35.0,-63.0,-38093.5,-3,7,19,80,True
2025-08-08T15:14:34.402454,-30.0,-62.0,-36731.5,-3,7,18,80,True
2025-08-08T15:14:34.458919,-29.0,-59.0,-36546.0,0,7,18,80,True
2025-08-08T15:14:34.514593,-25.0,-63.0,-35274.0,0,7,17,80,True
2025-08-08T15:14:34.571982,-22.0,-64.0,-33313.0,0,8,16,90,True
2025-08-08T15:14:34.628861,-16.0,-66.0,-32112.0,0,8,16,90,True
2025-08-08T15:14:34.683981,-16.0,-66.0,-31405.5,0,8,15,90,True
2025-08-08T15:14:34.741685,-14.0,-66.0,-30376.0,0,8,15,90,True
2025-08-08T15:14:34.797993,-14.0,-71.0,-30945.5,0,8,15,90,True
2025-08-08T15:14:34.854565,-13.0,-73.0,-30691.0,0,9,15,90,True
2025-08-08T15:14:34.910864,-11.0,-75.0,-30806.5,0,9,15,90,True
2025-08-08T15:14:34.966731,-8.0,-80.0,-31693.0,0,10,15,90,True
2025-08-08T15:14:35.023623,-8.0,-83.0,-32113.5,0,10,16,90,True
2025-08-08T15:14:35.080292,-6.0,-89.0,-33738.5,0,11,16,90,True
2025-08-08T15:14:35.135651,-3.0,-89.0,-34621.5,0,11,17,90,True
2025-08-08T15:14:35.193109,2.0,-91.0,-36044.5,0,11,18,90,True
2025-08-08T15:14:35.252361,4.0,-93.0,-37040.5,0,11,18,90,True
2025-08-08T15:14:35.308187,10.0,-91.0,-38990.5,0,11,19,90,True
2025-08-08T15:14:35.365461,19.0,-87.0,-41688.0,0,10,20,90,True
2025-08-08T15:14:35.423356,19.0,-87.0,-41744.0,0,10,20,90,True
2025-08-08T15:14:35.479703,25.0,-85.0,-44144.0,0,10,22,90,True
2025-08-08T15:14:35.535603,32.0,-77.0,-45715.0,3,9,22,90,True
2025-08-08T15:14:35.593269,34.0,-76.0,-46176.0,3,9,23,90,True
2025-08-08T15:14:35.648653,41.0,-71.0,-47838.0,4,8,23,90,True
2025-08-08T15:14:35.704642,45.0,-66.0,-49545.0,4,8,24,90,True
2025-08-08T15:14:35.761186,51.0,-62.0,-51162.5,5,7,25,90,True
2025-08-08T15:14:35.819128,54.0,-58.0,-52042.0,5,7,26,90,True
2025-08-08T15:14:35.876306,57.0,-57.0,-53114.5,5,7,26,90,True
2025-08-08T15:14:35.931535,59.0,-53.0,-54088.0,5,6,27,90,True
2025-08-08T15:14:35.990046,60.0,-53.0,-54291.0,6,6,27,90,True
2025-08-08T15:14:36.045820,62.0,-50.0,-54400.5,6,6,27,90,True
2025-08-08T15:14:36.101505,62.0,-48.0,-54545.0,6,6,27,90,True
2025-08-08T15:14:36.159047,63.0,-46.0,-54835.0,6,5,27,90,True
2025-08-08T15:14:36.215703,62.0,-43.0,-54406.5,6,5,27,90,True
2025-08-08T15:14:36.270831,61.0,-39.0,-53487.0,6,4,26,90,True
2025-08-08T15:14:36.327437,60.0,-39.0,-51657.5,6,4,25,90,True
2025-08-08T15:14:36.382620,60.0,-40.0,-48490.0,6,5,24,90,True
2025-08-08T15:14:36.438855,61.0,-44.0,-47208.5,6,5,23,90,True
2025-08-08T15:14:36.495354,64.0,-44.0,-42543.0,6,5,21,90,True
2025-08-08T15:14:36.550947,65.0,-45.0,-40371.0,6,5,20,90,True
2025-08-08T15:14:36.606948,69.0,-45.0,-36144.0,6,5,18,90,True
2025-08-08T15:14:36.662777,73.0,-42.0,-31056.5,7,5,15,90,True
2025-08-08T15:14:36.720878,76.0,-39.0,-29070.0,7,4,14,90,True
2025-08-08T15:14:36.778285,83.0,-36.0,-25476.0,8,4,12,90,True
2025-08-08T15:14:36.834126,93.0,-32.0,-23064.0,9,4,11,90,True
2025-08-08T15:14:36.891045,108.0,-31.0,-21455.0,10,3,10,90,True
2025-08-08T15:14:36.946458,115.0,-30.0,-20827.0,11,3,10,90,True
2025-08-08T15:14:37.002607,137.0,-33.0,-19344.0,13,4,9,90,True
2025-08-08T15:14:37.058675,163.0,-42.0,-16398.5,16,5,8,90,True
2025-08-08T15:14:37.115745,173.0,-45.0,-14977.5,17,5,7,90,True
2025-08-08T15:14:37.171000,195.0,-55.0,-12760.0,19,6,6,90,True
2025-08-08T15:14:37.226824,212.0,-64.0,-10240.5,21,8,5,90,True
2025-08-08T15:14:37.282453,220.0,-69.0,-9400.5,22,8,4,90,True
2025-08-08T15:14:37.338077,231.0,-78.0,-8138.0,23,9,4,90,True
2025-08-08T15:14:37.393289,239.0,-82.0,-7526.5,23,10,3,90,True
2025-08-08T15:14:37.448326,240.0,-83.0,-7361.5,24,10,3,90,True
2025-08-08T15:14:37.504667,241.0,-86.0,-6917.0,24,10,3,90,True
2025-08-08T15:14:37.561397,240.0,-84.0,-6809.5,24,10,3,90,True
2025-08-08T15:14:37.618585,238.0,-80.0,-7210.5,23,10,3,90,True
2025-08-08T15:14:37.673913,230.0,-77.0,-8537.0,23,9,4,90,True
2025-08-08T15:14:37.730014,218.0,-73.0,-11208.5,21,9,5,90,True
2025-08-08T15:14:37.788018,212.0,-67.0,-12595.5,21,8,6,90,True
2025-08-08T15:14:37.844408,198.0,-63.0,-15061.5,19,7,7,90,True
2025-08-08T15:14:37.900894,186.0,-59.0,-17199.0,18,7,8,100,True
2025-08-08T15:14:37.958874,179.0,-56.0,-17774.5,17,7,8,100,True
2025-08-08T15:14:38.015844,169.0,-52.0,-19049.0,16,6,9,100,True
2025-08-08T15:14:38.071256,158.0,-47.0,-20598.0,15,5,10,100,True
2025-08-08T15:14:38.127381,150.0,-44.0,-22089.0,15,5,11,100,True
2025-08-08T15:14:38.184612,148.0,-45.0,-22720.0,14,5,11,100,True
2025-08-08T15:14:38.240638,143.0,-44.0,-24083.5,14,5,12,100,True
2025-08-08T15:14:38.296226,136.0,-43.0,-25366.0,13,5,12,100,True
2025-08-08T15:14:38.351824,134.0,-42.0,-26051.5,13,5,13,100,True
2025-08-08T15:14:38.408368,129.0,-42.0,-27538.0,12,5,13,100,True
2025-08-08T15:14:38.463739,126.0,-43.0,-28975.0,12,5,14,100,True
2025-08-08T15:14:38.520295,125.0,-43.0,-29999.5,12,5,14,100,True
2025-08-08T15:14:38.575672,123.0,-43.0,-30775.0,12,5,15,100,True
2025-08-08T15:14:38.632155,120.0,-43.0,-31322.0,12,5,15,100,True
2025-08-08T15:14:38.688925,118.0,-42.0,-31549.5,11,5,15,100,True
2025-08-08T15:14:38.743898,116.0,-42.0,-32437.5,11,5,16,100,True
2025-08-08T15:14:38.800136,116.0,-42.0,-32437.5,11,5,16,100,True
2025-08-08T15:14:38.856299,114.0,-42.0,-33041.0,11,5,16,100,True
2025-08-08T15:14:38.912185,114.0,-42.0,-33213.0,11,5,16,100,True
2025-08-08T15:14:38.967751,111.0,-42.0,-33073.0,11,5,16,100,True
2025-08-08T15:14:39.024259,110.0,-42.0,-33317.0,11,5,16,100,True
2025-08-08T15:14:39.080661,108.0,-43.0,-33183.5,10,5,16,100,True
2025-08-08T15:14:39.137544,104.0,-44.0,-33169.5,10,5,16,100,True
2025-08-08T15:14:39.193564,101.0,-45.0,-33939.0,10,5,16,100,True
2025-08-08T15:14:39.250284,98.0,-45.0,-34256.5,9,5,17,100,True
2025-08-08T15:14:39.305392,92.0,-45.0,-34833.0,9,5,17,100,True
2025-08-08T15:14:39.362249,85.0,-42.0,-35502.0,8,5,17,100,True
2025-08-08T15:14:39.420119,87.0,-42.0,-35121.5,8,5,17,100,True
2025-08-08T15:14:39.478816,77.0,-40.0,-36725.5,7,5,18,100,True
2025-08-08T15:14:39.535556,75.0,-40.0,-36850.0,7,5,18,100,True
2025-08-08T15:14:39.592073,72.0,-38.0,-37033.5,7,4,18,100,True
2025-08-08T15:14:39.647946,70.0,-38.0,-36935.5,7,4,18,100,True
2025-08-08T15:14:39.704097,67.0,-37.0,-37166.0,6,4,18,100,True
2025-08-08T15:14:39.759930,64.0,-37.0,-37932.0,6,4,18,100,True
2025-08-08T15:14:39.818396,63.0,-37.0,-38348.0,6,4,19,100,True
2025-08-08T15:14:39.875718,62.0,-38.0,-39255.0,6,4,19,100,True
2025-08-08T15:14:39.930790,60.0,-35.0,-40152.5,6,4,20,100,True
2025-08-08T15:14:39.988884,59.0,-36.0,-40467.0,5,4,20,100,True
2025-08-08T15:14:40.045884,58.0,-35.0,-41305.0,5,4,20,100,True
2025-08-08T15:14:40.100968,57.0,-35.0,-41810.0,5,4,20,100,True
2025-08-08T15:14:40.158739,57.0,-33.0,-42571.5,5,4,21,100,True
2025-08-08T15:14:40.214164,55.0,-35.0,-42203.0,5,4,21,100,True
2025-08-08T15:14:40.271322,54.0,-33.0,-43277.0,5,4,21,100,True
2025-08-08T15:14:40.326660,51.0,-34.0,-43391.5,5,4,21,100,True
2025-08-08T15:14:40.383050,49.0,-32.0,-44442.0,4,4,22,100,True
2025-08-08T15:14:40.438437,47.0,-31.0,-44954.5,4,3,22,100,True
2025-08-08T15:14:40.494330,46.0,-32.0,-45420.0,4,4,22,100,True
2025-08-08T15:14:40.550933,44.0,-33.0,-45931.5,4,4,22,100,True
2025-08-08T15:14:40.607290,40.0,-32.0,-47052.0,4,4,23,100,True
2025-08-08T15:14:40.663405,38.0,-34.0,-47728.5,3,4,23,100,True
2025-08-08T15:14:40.721644,38.0,-34.0,-52336.0,3,4,26,100,True
2025-08-08T15:14:40.778913,36.0,-37.0,-49464.5,3,4,24,100,True
2025-08-08T15:14:40.834010,35.0,-28.0,-58599.0,3,0,29,100,True
2025-08-08T15:14:40.889799,34.0,-42.0,-57562.0,3,5,28,100,True
2025-08-08T15:14:40.945437,32.0,-26.0,-60617.0,3,0,30,100,True
2025-08-08T15:14:41.001120,31.0,-25.0,-61899.0,3,0,30,100,True
2025-08-08T15:14:41.057124,31.0,-28.0,-62605.0,3,0,30,100,True
2025-08-08T15:14:41.113345,30.0,-29.0,-63059.0,3,0,30,100,True
2025-08-08T15:14:41.169288,27.0,-28.0,-64137.5,0,0,30,100,True
2025-08-08T15:14:41.225473,28.0,-30.0,-65044.0,0,3,30,100,True
2025-08-08T15:14:41.281273,26.0,-30.0,-65007.5,0,3,30,100,True
2025-08-08T15:14:41.336903,26.0,-32.0,-65623.0,0,4,30,100,True
2025-08-08T15:14:41.393728,21.0,-31.0,-67509.0,0,3,30,100,True
2025-08-08T15:14:41.451733,24.0,-45.0,-67919.0,0,5,30,100,True
2025-08-08T15:14:41.508890,20.0,-34.0,-68188.5,0,4,30,100,True
2025-08-08T15:14:41.564132,18.0,-35.0,-69704.0,0,4,30,100,True
2025-08-08T15:14:41.622616,19.0,-36.0,-70188.5,0,4,30,100,True
2025-08-08T15:14:41.679581,17.0,-38.0,-72494.0,0,4,30,100,True
2025-08-08T15:14:41.735551,16.0,-38.0,-75539.5,0,4,30,100,True
2025-08-08T15:14:41.793598,15.0,-39.0,-76160.5,0,4,30,100,True
2025-08-08T15:14:41.852235,14.0,-33.0,-77465.5,0,4,30,100,True
2025-08-08T15:14:41.910047,14.0,-36.0,-78343.0,0,4,30,100,True
2025-08-08T15:14:41.966093,12.0,-48.0,-79969.0,0,6,30,100,True
2025-08-08T15:14:42.023069,11.0,-39.0,-80668.5,0,4,30,100,True
2025-08-08T15:14:42.080432,8.0,-53.0,-81201.5,0,6,30,100,True
2025-08-08T15:14:42.136507,5.0,-49.0,-82068.0,0,6,30,100,True
2025-08-08T15:14:42.193280,0.0,-49.0,-82215.5,0,6,30,100,True
2025-08-08T15:14:42.251151,-2.0,-50.0,-82191.0,0,6,30,100,True
2025-08-08T15:14:42.307089,-3.0,-53.0,-82651.5,0,6,30,100,True
2025-08-08T15:14:42.364769,-7.0,-56.0,-83157.0,0,7,30,100,True
2025-08-08T15:14:42.420399,-12.0,-54.0,-84184.5,0,6,30,100,True
2025-08-08T15:14:42.488858,-13.0,-56.0,-85071.0,0,7,30,100,True
2025-08-08T15:14:42.544250,-18.0,-62.0,-86376.5,0,7,30,100,True
2025-08-08T15:14:42.600998,-26.0,-61.0,-88292.5,0,7,30,100,True
2025-08-08T15:14:42.658562,-31.0,-63.0,-89194.0,-3,7,30,100,True
2025-08-08T15:14:42.714427,-32.0,-64.0,-88213.0,-3,8,30,100,True
2025-08-08T15:14:42.772446,-35.0,-64.0,-87130.5,-3,8,30,100,True
2025-08-08T15:14:42.828013,-38.0,-59.0,-86455.0,-3,7,30,100,True
2025-08-08T15:14:42.883379,-41.0,-65.0,-85777.0,-4,8,30,100,True
2025-08-08T15:14:42.940295,-42.0,-61.0,-85504.0,-4,7,30,100,True
2025-08-08T15:14:42.997570,-43.0,-63.0,-85029.0,-4,7,30,100,True
2025-08-08T15:14:43.055874,-46.0,-65.0,-84237.0,-4,8,30,100,True
2025-08-08T15:14:43.112252,-51.0,-68.0,-81545.0,-5,8,30,100,True
2025-08-08T15:14:43.169582,-54.0,-70.0,-78695.0,-5,8,30,100,True
2025-08-08T15:14:43.224349,-59.0,-74.0,-75579.0,-5,9,30,100,True
2025-08-08T15:14:43.283827,-59.0,-74.0,-75613.5,-5,9,30,100,True
2025-08-08T15:14:43.338800,-61.0,-68.0,-74138.0,-6,8,30,100,True
2025-08-08T15:14:43.395788,-63.0,-65.0,-72354.5,-6,8,30,100,True
2025-08-08T15:14:43.451141,-69.0,-63.0,-65671.5,-6,7,30,100,True
2025-08-08T15:14:43.506977,-71.0,-61.0,-62820.5,-7,7,30,100,True
2025-08-08T15:14:43.565557,-76.0,-58.0,-59198.5,-7,7,29,100,True
2025-08-08T15:14:43.620570,-75.0,-55.0,-54852.5,-7,6,27,100,True
2025-08-08T15:14:43.677687,-71.0,-56.0,-51932.5,-7,7,25,100,True
2025-08-08T15:14:43.733355,-69.0,-54.0,-48807.5,-6,6,24,100,True
2025-08-08T15:14:43.793146,-65.0,-53.0,-47234.5,-6,6,23,100,True
2025-08-08T15:14:43.849944,-59.0,-55.0,-42917.5,-5,6,21,100,True
2025-08-08T15:14:43.904773,-53.0,-49.0,-40077.5,-5,6,20,100,True
2025-08-08T15:14:43.961106,-47.0,-56.0,-36051.5,-4,7,18,100,True
2025-08-08T15:14:44.018545,-44.0,-56.0,-36713.0,-4,7,18,100,True
2025-08-08T15:14:44.075048,-38.0,-56.0,-33727.5,-3,7,16,100,True
2025-08-08T15:14:44.129754,-33.0,-63.0,-30161.5,-3,7,15,100,True
2025-08-08T15:14:44.188022,-30.0,-71.0,-29501.0,-3,8,14,100,True
2025-08-08T15:14:44.244001,-30.0,-81.0,-27168.0,-3,10,13,100,True
2025-08-08T15:14:44.300371,-27.0,-93.0,-25203.0,0,11,12,100,True
2025-08-08T15:14:44.358940,-26.0,-100.0,-23194.5,0,12,11,100,True
2025-08-08T15:14:44.416521,-23.0,-115.0,-22684.5,0,14,11,100,True
2025-08-08T15:14:44.472943,-22.0,-121.0,-22575.0,0,15,11,100,True
2025-08-08T15:14:44.528941,-25.0,-127.0,-21644.5,0,15,10,100,True
2025-08-08T15:14:44.586273,-28.0,-133.0,-20310.0,0,16,10,100,True
2025-08-08T15:14:44.642909,-38.0,-137.0,-18663.5,-3,17,9,100,True
2025-08-08T15:14:44.699908,-40.0,-141.0,-17224.5,-4,17,8,100,True
2025-08-08T15:14:44.759011,-39.0,-143.0,-16140.0,-3,17,8,90,True
2025-08-08T15:14:44.814153,-36.0,-146.0,-14656.5,-3,18,7,90,True
2025-08-08T15:14:44.870644,-37.0,-150.0,-18994.5,-3,18,9,90,True
2025-08-08T15:14:44.927741,-34.0,-153.0,-25563.0,-3,19,12,90,True
2025-08-08T15:14:44.985378,-35.0,-154.0,-29176.0,-3,19,14,90,True
2025-08-08T15:14:45.042621,-34.0,-156.0,-32623.0,-3,19,16,90,True
2025-08-08T15:14:45.098589,-38.0,-156.0,-28715.0,-3,19,14,90,True
2025-08-08T15:14:45.158773,-34.0,-156.0,-30698.0,-3,19,15,90,True
2025-08-08T15:14:45.219028,-34.0,-156.0,-23546.0,-3,19,11,90,True
2025-08-08T15:14:45.278540,-33.0,-155.0,-24820.0,-3,19,12,90,True
2025-08-08T15:14:45.336433,-32.0,-154.0,-25328.5,-3,19,12,90,True
2025-08-08T15:14:45.391846,-34.0,-152.0,-25898.5,-3,19,12,90,True
2025-08-08T15:14:45.448563,-34.0,-149.0,-25266.0,-3,18,12,90,True
2025-08-08T15:14:45.503302,-36.0,-147.0,-25185.5,-3,18,12,90,True
2025-08-08T15:14:45.560428,-37.0,-144.0,-18378.5,-3,18,9,90,True
2025-08-08T15:14:45.615745,-40.0,-141.0,-14588.5,-4,17,7,90,True
2025-08-08T15:14:45.673960,-39.0,-138.0,-6776.0,-3,17,3,90,True
2025-08-08T15:14:45.730582,-40.0,-133.0,-6335.5,-4,16,3,90,True
2025-08-08T15:14:45.788866,-40.0,-131.0,-3015.0,-4,16,1,90,True
2025-08-08T15:14:45.846376,-43.0,-125.0,-5274.5,-4,15,2,90,True
2025-08-08T15:14:45.903033,-41.0,-121.0,1093.5,-4,15,0,90,True
2025-08-08T15:14:45.961033,-38.0,-116.0,5916.5,-3,14,-2,90,True
2025-08-08T15:14:46.020066,-39.0,-114.0,3899.0,-3,14,-1,90,True
2025-08-08T15:14:46.078452,-41.0,-110.0,1704.0,-4,13,0,90,True
2025-08-08T15:14:46.135617,-42.0,-105.0,11702.5,-4,13,-5,90,True
2025-08-08T15:14:46.193034,-42.0,-103.0,18279.5,-4,12,-9,90,True
2025-08-08T15:14:46.253231,-42.0,-97.0,28058.0,-4,12,-14,90,True
2025-08-08T15:14:46.311990,-37.0,-90.0,36777.5,-3,11,-18,90,True
2025-08-08T15:14:46.368761,-36.0,-86.0,47614.0,-3,10,-23,90,True
2025-08-08T15:14:46.426895,-16.0,-76.0,71314.0,0,9,-30,90,True
2025-08-08T15:14:46.486828,-14.0,-72.0,83026.0,0,9,-30,90,True
2025-08-08T15:14:46.544897,-16.0,-62.0,101401.0,0,7,-30,90,True
2025-08-08T15:14:46.601638,5.0,-47.0,129529.0,0,5,-30,90,True
2025-08-08T15:14:46.656600,18.0,-39.0,156615.5,0,4,-30,90,True
2025-08-08T15:14:46.715524,19.0,-35.0,166260.5,0,4,-30,90,True
2025-08-08T15:14:46.771738,15.0,-24.0,188513.5,0,0,-30,90,True
2025-08-08T15:14:46.829620,28.0,-16.0,216651.5,0,0,-30,90,True
2025-08-08T15:14:46.888928,24.0,-13.0,229707.0,0,0,-30,100,True
2025-08-08T15:14:46.946472,32.0,-9.0,243187.5,3,0,-30,100,True
2025-08-08T15:14:47.003496,35.0,-10.0,266185.5,3,0,-30,100,True
2025-08-08T15:14:47.060336,42.0,-16.0,267875.0,4,0,-30,100,True
2025-08-08T15:14:47.118813,46.0,-21.0,263885.0,4,0,-30,100,True
2025-08-08T15:14:47.175569,53.0,-29.0,248856.5,5,0,-30,100,True
2025-08-08T15:14:47.232634,55.0,-41.0,227734.0,5,5,-30,100,True
2025-08-08T15:14:47.289870,47.0,-49.0,205319.0,4,6,-30,100,True
2025-08-08T15:14:47.345892,38.0,-53.0,185781.5,3,6,-30,100,True
2025-08-08T15:14:47.404180,29.0,-58.0,168332.5,0,7,-30,100,True
2025-08-08T15:14:47.461154,30.0,-68.0,119180.0,3,8,-30,100,True
2025-08-08T15:14:47.516679,5.0,-78.0,105656.5,0,9,-30,100,True
2025-08-08T15:14:47.571888,16.0,-74.0,80293.5,0,9,-30,100,True
2025-08-08T15:14:47.630912,16.0,-74.0,80255.5,0,9,-30,100,True
2025-08-08T15:14:47.686955,13.0,-76.0,68531.0,0,9,-30,100,True
2025-08-08T15:14:47.744331,-7.0,-94.0,57347.0,0,11,-28,100,True
2025-08-08T15:14:47.802360,-7.0,-94.0,57311.0,0,11,-28,100,True
2025-08-08T15:14:47.861201,8.0,-79.0,49061.5,0,9,-24,100,True
2025-08-08T15:14:47.919121,1.0,-83.0,10419.0,0,10,-5,100,True
2025-08-08T15:14:47.975871,1.0,-85.0,-9557.5,0,10,4,100,True
2025-08-08T15:14:48.030831,0.0,-85.0,-27071.0,0,10,13,100,True
2025-08-08T15:14:48.088660,0.0,-85.0,-33473.5,0,10,16,100,True
2025-08-08T15:14:48.145840,3.0,-85.0,-36887.0,0,10,18,100,True
2025-08-08T15:14:48.201416,7.0,-85.0,-43374.0,0,10,21,100,True
2025-08-08T15:14:48.257029,8.0,-84.0,-50764.5,0,10,25,100,True
2025-08-08T15:14:48.313116,9.0,-77.0,-53426.0,0,9,26,100,True
2025-08-08T15:14:48.369816,9.0,-82.0,-57646.0,0,10,28,100,True
2025-08-08T15:14:48.425419,11.0,-75.0,-57666.0,0,9,28,100,True
2025-08-08T15:14:48.480751,13.0,-77.0,-57989.0,0,9,28,100,True
2025-08-08T15:14:48.536885,15.0,-68.0,-56378.0,0,8,28,100,True
2025-08-08T15:14:48.592370,14.0,-67.0,-57388.5,0,8,28,100,True
2025-08-08T15:14:48.649902,16.0,-64.0,-56987.0,0,8,28,100,True
2025-08-08T15:14:48.709307,17.0,-62.0,-56015.0,0,7,28,100,True
2025-08-08T15:14:48.765616,18.0,-50.0,-54712.5,0,6,27,100,True
2025-08-08T15:14:48.823121,18.0,-47.0,-54348.5,0,5,27,100,True
2025-08-08T15:14:48.881118,22.0,-45.0,-53138.0,0,5,26,100,True
2025-08-08T15:14:48.937521,21.0,-35.0,-48786.0,0,4,24,100,True
2025-08-08T15:14:48.994061,21.0,-30.0,-45596.0,0,3,22,100,True
2025-08-08T15:14:49.051568,17.0,-26.0,-44857.5,0,0,22,100,True
2025-08-08T15:14:49.108075,17.0,-24.0,-42593.0,0,0,21,100,True
2025-08-08T15:14:49.164161,15.0,-19.0,-41773.5,0,0,20,100,True
2025-08-08T15:14:49.223109,16.0,-17.0,-40083.0,0,0,20,100,True
2025-08-08T15:14:49.280246,14.0,-11.0,-38770.5,0,0,19,100,True
2025-08-08T15:14:49.353595,15.0,-8.0,-37540.0,0,0,18,100,True
2025-08-08T15:14:49.409768,16.0,-11.0,-36879.0,0,0,18,100,True
2025-08-08T15:14:49.466689,16.0,-8.0,-35654.0,0,0,17,100,True
2025-08-08T15:14:49.523804,17.0,-6.0,-31083.5,0,0,15,100,True
2025-08-08T15:14:49.582543,4.0,-19.0,-29562.0,0,0,14,100,True
2025-08-08T15:14:49.639023,2.0,-16.0,-27445.0,0,0,13,100,True
2025-08-08T15:14:49.696962,17.0,1.0,-26943.0,0,0,13,100,True
2025-08-08T15:14:49.754339,16.0,3.0,-26843.5,0,0,13,100,True
2025-08-08T15:14:49.811544,11.0,4.0,-23913.0,0,0,11,100,True
2025-08-08T15:14:49.868095,14.0,5.0,-19808.0,0,0,9,100,True
2025-08-08T15:14:49.924150,13.0,7.0,-17662.5,0,0,8,100,True
2025-08-08T15:14:49.982975,5.0,-2.0,-16712.5,0,0,8,100,True
2025-08-08T15:14:50.039485,13.0,10.0,-15352.5,0,0,7,100,True
2025-08-08T15:14:50.095683,10.0,11.0,-11663.5,0,0,5,100,True
2025-08-08T15:14:50.154674,10.0,11.0,-11410.0,0,0,5,100,True
2025-08-08T15:14:50.212631,10.0,12.0,-7023.5,0,0,3,100,True
2025-08-08T15:14:50.269132,10.0,10.0,-2974.0,0,0,0,100,True
2025-08-08T15:14:50.324075,10.0,3.0,4047.0,0,0,-2,100,True
2025-08-08T15:14:50.382807,-1.0,-8.0,7996.0,0,0,-3,100,True
2025-08-08T15:14:50.438808,-1.0,-16.0,14609.0,0,0,-7,100,True
2025-08-08T15:14:50.497298,11.0,-4.0,17934.0,0,0,-8,100,True
2025-08-08T15:14:50.555564,-8.0,-25.0,20269.0,0,0,-10,100,True
2025-08-08T15:14:50.613775,1.0,-18.0,22519.0,0,0,-11,100,True
2025-08-08T15:14:50.670422,-6.0,-26.0,24757.0,0,0,-12,100,True
2025-08-08T15:14:50.727582,0.0,-28.0,26286.5,0,0,-13,100,True
2025-08-08T15:14:50.785827,-6.0,-29.0,28280.5,0,0,-14,100,True
2025-08-08T15:14:50.842397,11.0,-20.0,29711.5,0,0,-14,100,True
2025-08-08T15:14:50.898291,-7.0,-37.0,31218.5,0,4,-15,100,True
2025-08-08T15:14:50.954992,-3.0,-38.0,33800.0,0,4,-16,100,True
2025-08-08T15:14:51.011321,12.0,-28.0,31489.0,0,0,-15,100,True
2025-08-08T15:14:51.066799,12.0,-33.0,32527.5,0,4,-16,100,True
2025-08-08T15:14:51.122464,-7.0,-54.0,30306.0,0,6,-15,100,True
2025-08-08T15:14:51.179385,-8.0,-57.0,28876.5,0,7,-14,100,True
2025-08-08T15:14:51.236156,0.0,-52.0,23398.5,0,6,-11,100,True
2025-08-08T15:14:51.292432,5.0,-59.0,19447.0,0,7,-9,100,True
2025-08-08T15:14:51.349130,3.0,-58.0,17511.5,0,7,-8,100,True
2025-08-08T15:14:51.405672,3.0,-68.0,19287.0,0,8,-9,100,True
2025-08-08T15:14:51.462882,-15.0,-84.0,18232.5,0,10,-9,100,True
2025-08-08T15:14:51.519799,2.0,-77.0,13506.5,0,9,-6,100,True
2025-08-08T15:14:51.576369,1.0,-79.0,13805.0,0,9,-6,100,True
2025-08-08T15:14:51.632137,-1.0,-83.0,10226.0,0,10,-5,100,True
2025-08-08T15:14:51.689738,-1.0,-84.0,9839.0,0,10,-4,100,True
2025-08-08T15:14:51.749923,-5.0,-84.0,10241.5,0,10,-5,100,True
2025-08-08T15:14:51.807010,-8.0,-83.0,6191.0,0,10,-3,100,True
2025-08-08T15:14:51.863504,-10.0,-81.0,4448.5,0,10,-2,100,True
2025-08-08T15:14:51.920997,-12.0,-80.0,2591.0,0,10,0,100,True
2025-08-08T15:14:51.977556,-12.0,-77.0,-1693.0,0,9,0,100,True
2025-08-08T15:14:52.032672,-14.0,-72.0,-1295.0,0,9,0,100,True
2025-08-08T15:14:52.089663,-36.0,-80.0,-3893.5,-3,10,1,100,True
2025-08-08T15:14:52.147363,-34.0,-77.0,-4001.0,-3,9,2,100,True
2025-08-08T15:14:52.204116,-17.0,-56.0,-6882.0,0,7,3,100,True
2025-08-08T15:14:52.260132,-21.0,-57.0,-8273.5,0,7,4,100,True
2025-08-08T15:14:52.319688,-28.0,-57.0,-10468.5,0,7,5,100,True
2025-08-08T15:14:52.376683,-22.0,-52.0,-12913.5,0,6,6,100,True
2025-08-08T15:14:52.433072,-23.0,-50.0,-14279.5,0,6,7,100,True
2025-08-08T15:14:52.490083,-38.0,-56.0,-15512.0,-3,7,7,100,True
2025-08-08T15:14:52.547852,-21.0,-36.0,-14784.5,0,4,7,100,True
2025-08-08T15:14:52.604393,-22.0,-51.0,-17960.0,0,6,8,100,True
2025-08-08T15:14:52.660592,-37.0,-62.0,-21925.5,-3,7,10,100,True
2025-08-08T15:14:52.716575,-36.0,-61.0,-22771.0,-3,7,11,100,True
2025-08-08T15:14:52.773958,-41.0,-59.0,-21522.0,-4,7,10,100,True
2025-08-08T15:14:52.830288,-39.0,-56.0,-20492.0,-3,7,10,100,True
2025-08-08T15:14:52.887764,-24.0,-40.0,-21145.0,0,5,10,100,True
2025-08-08T15:14:52.944242,-49.0,-50.0,-19454.0,-4,6,9,100,True
2025-08-08T15:14:53.000152,-49.0,-47.0,-18381.0,-4,5,9,100,True
2025-08-08T15:14:53.057301,-30.0,-32.0,-19223.5,-3,4,9,100,True
2025-08-08T15:14:53.114710,-31.0,-32.0,-19414.5,-3,4,9,100,True
2025-08-08T15:14:53.172984,-31.0,-31.0,-19807.5,-3,3,9,100,True
2025-08-08T15:14:53.229584,-33.0,-30.0,-19323.0,-3,3,9,100,True
2025-08-08T15:14:53.285471,-32.0,-31.0,-20153.0,-3,3,10,100,True
2025-08-08T15:14:53.342792,-33.0,-30.0,-21259.5,-3,3,10,100,True
2025-08-08T15:14:53.399194,-33.0,-31.0,-22970.5,-3,3,11,100,True
2025-08-08T15:14:53.458757,-36.0,-29.0,-24264.0,-3,0,12,100,True
2025-08-08T15:14:53.518975,-55.0,-40.0,-24293.5,-5,5,12,100,True
2025-08-08T15:14:53.574217,-58.0,-39.0,-26744.5,-5,4,13,100,True
2025-08-08T15:14:53.629616,-58.0,-38.0,-27488.5,-5,4,13,100,True
2025-08-08T15:14:53.688288,-59.0,-40.0,-26085.5,-5,5,13,100,True
2025-08-08T15:14:53.745450,-52.0,-27.0,-26620.0,-5,0,13,100,True
2025-08-08T15:14:53.802053,-60.0,-38.0,-25765.5,-6,4,12,100,True
2025-08-08T15:14:53.859712,-62.0,-33.0,-26807.5,-6,4,13,100,True
2025-08-08T15:14:53.914154,-63.0,-27.0,-25423.5,-6,0,12,100,True
2025-08-08T15:14:53.972933,-56.0,-22.0,-23849.0,-5,0,11,100,True
2025-08-08T15:14:54.029071,-88.0,-28.0,-19033.0,-8,0,9,100,True
2025-08-08T15:14:54.085758,-93.0,-28.0,-16614.5,-9,0,8,100,True
2025-08-08T15:14:54.141311,-96.0,-15.0,-11399.0,-9,0,5,100,True
2025-08-08T15:14:54.199654,-108.0,-16.0,-9423.5,-10,0,4,100,True
2025-08-08T15:14:54.257833,-119.0,-18.0,-8950.0,-11,0,4,100,True
2025-08-08T15:14:54.316039,-143.0,-22.0,-3884.5,-14,0,1,100,True
2025-08-08T15:14:54.375465,-142.0,-21.0,-3899.5,-14,0,1,100,True
2025-08-08T15:14:54.430344,-208.0,-39.0,5736.0,-20,4,-2,100,True
2025-08-08T15:14:54.486774,-216.0,-49.0,3952.0,-21,6,-1,100,True
2025-08-08T15:14:54.542798,-226.0,-44.0,-4897.5,-22,5,2,100,True
2025-08-08T15:14:54.598871,-236.0,-43.0,-7682.5,-23,5,3,100,True
2025-08-08T15:14:54.657257,-239.0,-42.0,-10022.0,-23,5,5,100,True
2025-08-08T15:14:54.714131,-242.0,-58.0,-11870.0,-24,7,5,100,True
2025-08-08T15:14:54.770633,-249.0,-77.0,-8333.5,-24,9,4,100,True
2025-08-08T15:14:54.827262,-252.0,-81.0,-7879.5,-25,10,3,100,True
2025-08-08T15:14:54.884358,-253.0,-73.0,-9437.0,-25,9,4,100,True
2025-08-08T15:14:54.942018,-256.0,-85.0,-2989.0,-25,10,0,100,True
2025-08-08T15:14:54.998488,-255.0,-90.0,-4152.5,-25,11,2,100,True
2025-08-08T15:14:55.056411,-254.0,-94.0,-1147.0,-25,11,0,100,True
2025-08-08T15:14:55.114736,-252.0,-97.0,2317.5,-25,12,0,100,True
2025-08-08T15:14:55.172323,-251.0,-108.0,8809.0,-25,13,-4,100,True
2025-08-08T15:14:55.228818,-253.0,-100.0,11598.5,-25,12,-5,100,True
2025-08-08T15:14:55.285905,-255.0,-96.0,12379.0,-25,12,-6,100,True
2025-08-08T15:14:55.342075,-259.0,-98.0,12829.5,-25,12,-6,100,True
2025-08-08T15:14:55.399106,-260.0,-76.0,12758.0,-26,9,-6,100,True
2025-08-08T15:14:55.459647,-259.0,-63.0,14802.5,-25,7,-7,100,True
2025-08-08T15:14:55.517979,-259.0,-78.0,15324.5,-25,9,-7,100,True
2025-08-08T15:14:55.574485,-257.0,-80.0,15048.5,-25,10,-7,100,True
2025-08-08T15:14:55.629986,-253.0,-86.0,22810.0,-25,10,-11,100,True
2025-08-08T15:14:55.690232,-253.0,-79.0,23419.0,-25,9,-11,100,True
2025-08-08T15:14:55.751739,-254.0,-75.0,20534.0,-25,9,-10,100,True
2025-08-08T15:14:55.808641,-255.0,-91.0,17330.0,-25,11,-8,100,True
2025-08-08T15:14:55.864652,-255.0,-75.0,13488.0,-25,9,-6,100,True
2025-08-08T15:14:55.923162,-257.0,-69.0,12250.5,-25,8,-6,100,True
2025-08-08T15:14:55.979995,-259.0,-67.0,11717.0,-25,8,-5,100,True
2025-08-08T15:14:56.036030,-260.0,-63.0,10507.5,-26,7,-5,100,True
2025-08-08T15:14:56.093103,-261.0,-90.0,11561.0,-26,11,-5,100,True
2025-08-08T15:14:56.151068,-264.0,-75.0,3779.0,-26,9,-1,100,True
2025-08-08T15:14:56.207389,-268.0,-87.0,2890.5,-26,10,0,100,True
2025-08-08T15:14:56.264356,-269.0,-68.0,-3080.5,-26,8,1,100,True
2025-08-08T15:14:56.321804,-271.0,-94.0,-5802.5,-27,11,2,100,True
2025-08-08T15:14:56.377918,-272.0,-65.0,-16078.0,-27,8,8,100,True
2025-08-08T15:14:56.434375,-276.0,-96.0,-29631.5,-27,12,14,100,True
2025-08-08T15:14:56.492199,-275.0,-41.0,-33580.0,-27,5,16,100,True
2025-08-08T15:14:56.550821,-282.0,-61.0,-49183.0,-28,7,24,100,True
2025-08-08T15:14:56.609173,-276.0,-50.0,-44614.5,-27,6,22,100,True
2025-08-08T15:14:56.666712,-276.0,-50.0,-45162.0,-27,6,22,100,True
2025-08-08T15:14:56.726601,-279.0,-49.0,-50144.5,-27,6,25,100,True
2025-08-08T15:14:56.783213,-275.0,-25.0,-58885.5,-27,0,29,100,True
2025-08-08T15:14:56.841404,-282.0,3.0,-76350.5,-28,0,30,100,True
2025-08-08T15:14:56.898694,-277.0,5.0,-82434.5,-27,0,30,100,True
2025-08-08T15:14:56.956054,-272.0,12.0,-83798.5,-27,0,30,100,True
2025-08-08T15:14:57.012781,-285.0,16.0,-72931.5,-28,0,30,100,True
2025-08-08T15:14:57.069827,-277.0,12.0,-68341.5,-27,0,30,110,True
2025-08-08T15:14:57.125657,-287.0,1.0,-64311.0,-28,0,30,110,True
2025-08-08T15:14:57.182629,-278.0,-2.0,-64237.5,-27,0,30,110,True
2025-08-08T15:14:57.240276,-285.0,-1.0,-74264.5,-28,0,30,110,True
2025-08-08T15:14:57.296551,-285.0,-5.0,-83672.0,-28,0,30,110,True
2025-08-08T15:14:57.355678,-286.0,-8.0,-83003.5,-28,0,30,110,True
2025-08-08T15:14:57.411910,-291.0,-7.0,-87945.5,-29,0,30,110,True
2025-08-08T15:14:57.476602,-260.0,-8.0,-99245.5,-26,0,30,110,True
2025-08-08T15:14:57.531756,-293.0,-3.0,-107152.0,-29,0,30,110,True
2025-08-08T15:14:57.590056,-309.0,-5.0,-109687.0,-30,0,30,110,True
2025-08-08T15:14:57.646700,-293.0,15.0,-117282.0,-29,0,30,110,True
2025-08-08T15:14:57.703028,-301.0,17.0,-115587.5,-30,0,30,110,True
2025-08-08T15:14:57.760909,-308.0,14.0,-116858.5,-30,0,30,110,True
2025-08-08T15:14:57.820836,-265.0,114.0,-126734.5,-26,-14,30,110,True
2025-08-08T15:14:57.960261,-285.0,56.0,-127313.0,-28,-7,30,110,True
2025-08-08T15:14:58.017062,-286.0,52.0,-128166.5,-28,-6,30,110,True
2025-08-08T15:15:07.213491,-89.0,-21.0,-126160.5,-8,0,30,110,True
2025-08-08T15:15:07.270599,-92.0,30.0,-94302.0,-9,-3,30,110,True
2025-08-08T15:15:07.327739,-80.0,40.0,-88908.0,-8,-5,30,110,True
2025-08-08T15:15:07.384211,-73.0,44.0,-88190.5,-7,-5,30,110,True
2025-08-08T15:15:07.440572,-73.0,44.0,-88207.0,-7,-5,30,110,True
2025-08-08T15:15:07.499161,-72.0,45.0,-88287.5,-7,-5,30,110,True
2025-08-08T15:15:07.558250,-72.0,45.0,-88381.5,-7,-5,30,110,True
2025-08-08T15:15:07.615703,-71.0,46.0,-88489.5,-7,-5,30,110,True
2025-08-08T15:15:07.673676,-65.0,47.0,-81886.0,-6,-5,30,110,True
2025-08-08T15:15:07.730578,-41.0,72.0,-67437.5,-4,-9,30,110,True
2025-08-08T15:15:07.786541,-41.0,72.0,-67453.5,-4,-9,30,110,True
2025-08-08T15:15:07.845860,-40.0,73.0,-67491.0,-4,-9,30,110,True
2025-08-08T15:15:07.903182,-48.0,73.0,-66700.5,-4,-9,30,110,True
2025-08-08T15:15:07.960228,-48.0,73.0,-66718.5,-4,-9,30,110,True
2025-08-08T15:15:08.018967,-41.0,82.0,-64273.0,-4,-10,30,110,True
2025-08-08T15:15:08.075912,52.0,13.0,-43195.0,5,0,21,110,True
2025-08-08T15:15:08.132553,57.0,13.0,-36325.5,5,0,18,110,True
2025-08-08T15:15:08.190143,57.0,14.0,-36429.5,5,0,18,110,True
2025-08-08T15:15:08.245981,65.0,14.0,-20111.5,6,0,10,110,True
2025-08-08T15:15:08.304674,65.0,14.0,-20211.5,6,0,10,110,True
2025-08-08T15:15:08.362027,82.0,17.0,15890.5,8,0,-7,110,True
2025-08-08T15:15:08.423264,82.0,18.0,24360.0,8,0,-12,110,True
2025-08-08T15:15:08.480747,83.0,17.0,29606.5,8,0,-14,110,True
2025-08-08T15:15:08.536930,103.0,19.0,40844.0,10,0,-20,110,True
2025-08-08T15:15:08.596082,98.0,17.0,75845.0,9,0,-30,100,True
2025-08-08T15:15:08.658067,91.0,3.0,142252.0,9,0,-30,100,True
2025-08-08T15:15:08.717807,74.0,0.0,151486.0,7,0,-30,100,True
2025-08-08T15:15:08.776876,74.0,0.0,151410.0,7,0,-30,100,True
2025-08-08T15:15:08.834267,75.0,1.0,151328.5,7,0,-30,100,True
2025-08-08T15:15:08.892303,75.0,1.0,151208.5,7,0,-30,100,True
2025-08-08T15:15:08.950979,76.0,2.0,151066.0,7,0,-30,100,True
2025-08-08T15:15:09.008622,76.0,2.0,149863.0,7,0,-30,100,True
2025-08-08T15:15:09.066739,77.0,3.0,149675.5,7,0,-30,100,True
2025-08-08T15:15:09.124386,77.0,3.0,149556.0,7,0,-30,100,True
2025-08-08T15:15:09.182713,78.0,4.0,149398.5,7,0,-30,100,True
2025-08-08T15:15:09.241346,78.0,4.0,149267.5,7,0,-30,100,True
2025-08-08T15:15:09.301085,79.0,5.0,149130.0,7,0,-30,100,True
2025-08-08T15:15:09.359392,79.0,5.0,148967.5,7,0,-30,100,True
2025-08-08T15:15:09.416568,80.0,6.0,148802.5,8,0,-30,100,True
2025-08-08T15:15:09.473909,80.0,6.0,148533.5,8,0,-30,100,True
2025-08-08T15:15:09.532573,81.0,7.0,148343.5,8,0,-30,100,True
2025-08-08T15:15:09.589609,81.0,7.0,148122.0,8,0,-30,100,True
2025-08-08T15:15:09.646992,82.0,8.0,147848.0,8,0,-30,100,True
2025-08-08T15:15:09.705619,82.0,8.0,147561.0,8,0,-30,100,True
2025-08-08T15:15:09.763262,83.0,9.0,147236.0,8,0,-30,100,True
2025-08-08T15:15:09.822301,83.0,9.0,146890.0,8,0,-30,100,True
2025-08-08T15:15:09.880215,84.0,10.0,146468.0,8,0,-30,100,True
2025-08-08T15:15:09.938312,84.0,10.0,145969.5,8,0,-30,100,True
2025-08-08T15:15:09.996349,85.0,11.0,145385.0,8,0,-30,100,True
2025-08-08T15:15:10.053548,85.0,11.0,144722.0,8,0,-30,100,True
2025-08-08T15:15:10.112853,86.0,12.0,144073.5,8,0,-30,100,True
2025-08-08T15:15:10.172869,86.0,12.0,143348.0,8,0,-30,100,True
2025-08-08T15:15:10.229989,87.0,13.0,142689.5,8,0,-30,100,True
2025-08-08T15:15:10.287290,87.0,13.0,141942.0,8,0,-30,100,True
2025-08-08T15:15:10.346650,71.0,14.0,138939.5,7,0,-30,100,True
2025-08-08T15:15:10.404616,71.0,14.0,138335.0,7,0,-30,100,True
2025-08-08T15:15:10.461159,72.0,15.0,137727.0,7,0,-30,100,True
2025-08-08T15:15:10.520075,72.0,15.0,137004.0,7,0,-30,100,True
2025-08-08T15:15:10.579906,73.0,16.0,136270.5,7,0,-30,100,True
2025-08-08T15:15:10.638921,73.0,16.0,135483.5,7,0,-30,100,True
2025-08-08T15:15:10.695734,74.0,17.0,134653.0,7,0,-30,100,True
2025-08-08T15:15:10.753283,74.0,17.0,133758.0,7,0,-30,100,True
2025-08-08T15:15:10.814359,12.0,0.0,294333.0,0,0,-30,110,True
2025-08-08T15:15:10.872155,31.0,0.0,405216.5,3,0,-30,110,True
2025-08-08T15:15:10.930889,35.0,0.0,398980.0,3,0,-30,110,True
2025-08-08T15:15:10.987647,36.0,0.0,402303.5,3,0,-30,110,True
2025-08-08T15:15:11.044253,36.0,0.0,399209.5,3,0,-30,110,True
2025-08-08T15:15:11.102108,50.0,0.0,370164.5,5,0,-30,100,True
2025-08-08T15:15:11.160701,50.0,0.0,365149.5,5,0,-30,100,True
2025-08-08T15:15:11.218632,50.0,0.0,364083.0,5,0,-30,100,True
2025-08-08T15:15:11.276985,52.0,0.0,359673.5,5,0,-30,100,True
2025-08-08T15:15:11.334323,52.0,0.0,358600.5,5,0,-30,100,True
2025-08-08T15:15:11.392334,53.0,1.0,357471.0,5,0,-30,100,True
2025-08-08T15:15:11.451796,53.0,1.0,356319.5,5,0,-30,100,True
2025-08-08T15:15:11.514057,403.0,-152.0,-119598.5,40,19,30,100,True
2025-08-08T15:15:11.574584,53.0,0.0,241842.5,5,0,-30,100,True
2025-08-08T15:15:11.634628,56.0,0.0,245298.0,5,0,-30,100,True
2025-08-08T15:15:11.692206,-100.0,-132.0,-67289.0,-10,16,30,100,True
2025-08-08T15:15:11.747873,-87.0,-134.0,-68333.0,-8,16,30,100,True
2025-08-08T15:15:11.803480,-80.0,-139.0,-70800.0,-8,17,30,100,True
2025-08-08T15:15:11.860648,-79.0,-135.0,-72557.0,-7,16,30,100,True
2025-08-08T15:15:11.916643,-69.0,-142.0,-69802.5,-6,17,30,100,True
2025-08-08T15:15:11.973576,-69.0,-142.0,-70104.5,-6,17,30,100,True
2025-08-08T15:15:12.030829,-69.0,-145.0,-70726.0,-6,18,30,100,True
2025-08-08T15:15:12.086539,-57.0,-150.0,-83300.5,-5,18,30,100,True
2025-08-08T15:15:12.143801,-84.0,-128.0,-91735.5,-8,16,30,100,True
2025-08-08T15:15:12.200482,-84.0,-128.0,-91758.5,-8,16,30,100,True
2025-08-08T15:15:12.260570,-75.0,-123.0,-96921.5,-7,15,30,100,True
2025-08-08T15:15:12.316959,-74.0,-122.0,-96001.5,-7,15,30,100,True
2025-08-08T15:15:12.372405,-73.0,-122.0,-96010.0,-7,15,30,100,True
2025-08-08T15:15:12.429948,-73.0,-121.0,-96087.5,-7,15,30,100,True
2025-08-08T15:15:12.486560,-72.0,-121.0,-96170.0,-7,15,30,100,True
2025-08-08T15:15:12.544873,-72.0,-120.0,-96264.5,-7,15,30,100,True
2025-08-08T15:15:12.603573,-71.0,-120.0,-96373.0,-7,15,30,100,True
2025-08-08T15:15:12.661386,-71.0,-119.0,-96530.5,-7,14,30,100,True
2025-08-08T15:15:12.716955,-70.0,-119.0,-96767.5,-7,14,30,100,True
2025-08-08T15:15:12.773807,-70.0,-118.0,-97106.5,-7,14,30,100,True
2025-08-08T15:15:12.829896,-72.0,-122.0,-94680.5,-7,15,30,110,True
2025-08-08T15:15:12.888962,10.0,-150.0,-58421.5,0,18,29,110,True
2025-08-08T15:15:12.947772,28.0,-142.0,-45942.5,0,17,22,110,True
2025-08-08T15:15:13.002976,38.0,-137.0,-35128.5,3,17,17,110,True
2025-08-08T15:15:13.063337,41.0,-139.0,-34121.5,4,17,17,110,True
2025-08-08T15:15:13.118888,45.0,-134.0,-23476.0,4,16,11,110,True
2025-08-08T15:15:13.177059,42.0,-133.0,-20683.0,4,16,10,110,True
2025-08-08T15:15:13.234515,42.0,-133.0,-20848.0,4,16,10,110,True
2025-08-08T15:15:13.291008,42.0,-129.0,-10104.0,4,16,5,110,True
2025-08-08T15:15:13.346949,34.0,-128.0,-2836.5,3,16,0,110,True
2025-08-08T15:15:13.405728,29.0,-126.0,-2414.5,0,15,0,110,True
2025-08-08T15:15:13.461332,26.0,-122.0,7602.5,0,15,-3,110,True
2025-08-08T15:15:13.517888,19.0,-120.0,20164.5,0,15,-10,110,True
2025-08-08T15:15:13.573740,15.0,-117.0,37237.0,0,14,-18,110,True
2025-08-08T15:15:13.630522,15.0,-115.0,43941.5,0,14,-21,110,True
2025-08-08T15:15:13.685894,13.0,-111.0,52203.5,0,13,-26,110,True
2025-08-08T15:15:13.743693,6.0,-108.0,59343.5,0,13,-29,110,True
2025-08-08T15:15:13.799671,8.0,-106.0,63170.0,0,13,-30,110,True
2025-08-08T15:15:13.856050,5.0,-101.0,74640.5,0,12,-30,110,True
2025-08-08T15:15:13.913333,4.0,-96.0,79826.5,0,12,-30,110,True
2025-08-08T15:15:13.972821,3.0,-93.0,79406.5,0,11,-30,110,True
2025-08-08T15:15:14.029340,2.0,-94.0,85638.5,0,11,-30,110,True
2025-08-08T15:15:14.085829,0.0,-90.0,97132.0,0,11,-30,110,True
2025-08-08T15:15:14.146185,-2.0,-89.0,100785.5,0,11,-30,110,True
2025-08-08T15:15:14.204232,-2.0,-89.0,100885.5,0,11,-30,110,True
2025-08-08T15:15:14.263884,-3.0,-89.0,104367.5,0,11,-30,110,True
2025-08-08T15:15:14.322837,-3.0,-86.0,103266.0,0,10,-30,110,True
2025-08-08T15:15:14.380278,-4.0,-87.0,99358.5,0,10,-30,110,True
2025-08-08T15:15:14.441768,-3.0,-89.0,99735.5,0,11,-30,110,True
2025-08-08T15:15:14.501035,-1.0,-94.0,100067.0,0,11,-30,110,True
2025-08-08T15:15:14.557270,-3.0,-94.0,91417.0,0,11,-30,110,True
2025-08-08T15:15:14.614235,-2.0,-96.0,86328.0,0,12,-30,110,True
2025-08-08T15:15:14.674482,-5.0,-98.0,83239.5,0,12,-30,110,True
2025-08-08T15:15:14.731967,-5.0,-100.0,80150.5,0,12,-30,110,True
2025-08-08T15:15:14.788710,7.0,-102.0,72534.5,0,12,-30,110,True
2025-08-08T15:15:14.846235,-3.0,-105.0,68105.0,0,13,-30,110,True
2025-08-08T15:15:14.905682,4.0,-109.0,63683.5,0,13,-30,110,True
2025-08-08T15:15:14.962683,9.0,-113.0,56578.0,0,14,-28,110,True
2025-08-08T15:15:15.020875,-3.0,-113.0,52522.5,0,14,-26,110,True
2025-08-08T15:15:15.078787,5.0,-115.0,39571.0,0,14,-19,110,True
2025-08-08T15:15:15.134020,16.0,-117.0,36410.0,0,14,-18,110,True
2025-08-08T15:15:15.191682,15.0,-118.0,31144.5,0,14,-15,110,True
2025-08-08T15:15:15.251290,5.0,-119.0,23733.5,0,14,-11,110,True
2025-08-08T15:15:15.309251,12.0,-121.0,14992.5,0,15,-7,110,True
2025-08-08T15:15:15.366245,13.0,-122.0,4933.0,0,15,-2,110,True
2025-08-08T15:15:15.422077,18.0,-123.0,-1369.0,0,15,0,110,True
2025-08-08T15:15:15.479813,20.0,-129.0,-5863.5,0,16,2,110,True
2025-08-08T15:15:15.535891,17.0,-129.0,-11937.0,0,16,5,110,True
2025-08-08T15:15:15.592692,23.0,-133.0,-16036.0,0,16,8,110,True
2025-08-08T15:15:15.648315,23.0,-133.0,-16148.0,0,16,8,110,True
2025-08-08T15:15:15.705598,19.0,-134.0,-26855.5,0,16,13,110,True
2025-08-08T15:15:15.763070,18.0,-134.0,-31016.5,0,16,15,110,True
2025-08-08T15:15:15.819896,18.0,-137.0,-32345.5,0,17,16,110,True
2025-08-08T15:15:15.876628,19.0,-137.0,-33858.0,0,17,16,110,True
2025-08-08T15:15:15.932785,19.0,-137.0,-35064.5,0,17,17,110,True
2025-08-08T15:15:15.988921,28.0,-135.0,-36286.5,0,16,18,110,True
2025-08-08T15:15:16.045547,20.0,-136.0,-40288.0,0,17,20,110,True
2025-08-08T15:15:16.102442,20.0,-135.0,-40621.0,0,16,20,110,True
2025-08-08T15:15:16.162369,21.0,-135.0,-40759.0,0,16,20,110,True
2025-08-08T15:15:16.220470,26.0,-135.0,-39163.0,0,16,19,110,True
2025-08-08T15:15:16.276636,25.0,-136.0,-41425.5,0,17,20,110,True
2025-08-08T15:15:16.333285,27.0,-136.0,-42605.5,0,17,21,110,True
2025-08-08T15:15:16.389213,27.0,-135.0,-45185.5,0,16,22,110,True
2025-08-08T15:15:16.445723,27.0,-135.0,-45376.5,0,16,22,110,True
2025-08-08T15:15:16.501597,21.0,-136.0,-46489.0,0,17,23,110,True
2025-08-08T15:15:16.566055,22.0,-136.0,-48356.0,0,17,24,120,True
2025-08-08T15:15:16.622900,23.0,-135.0,-49677.5,0,16,24,120,True
2025-08-08T15:15:16.681180,22.0,-128.0,-52696.5,0,16,26,120,True
2025-08-08T15:15:16.737817,20.0,-120.0,-51172.0,0,15,25,120,True
2025-08-08T15:15:16.795912,10.0,-108.0,-46644.0,0,13,23,120,True
2025-08-08T15:15:16.853354,3.0,-94.0,-39725.0,0,11,19,120,True
2025-08-08T15:15:16.912224,3.0,-93.0,-39749.0,0,11,19,120,True
2025-08-08T15:15:16.973870,-5.0,-86.0,-32306.5,0,10,16,120,True
2025-08-08T15:15:17.031209,-12.0,-84.0,-32566.0,0,10,16,120,True
2025-08-08T15:15:17.088448,-12.0,-84.0,-32599.5,0,10,16,120,True
2025-08-08T15:15:17.146794,-14.0,-84.0,-34149.0,0,10,17,120,True
2025-08-08T15:15:17.203783,-11.0,-82.0,-34976.5,0,10,17,120,True
2025-08-08T15:15:17.261104,-3.0,-83.0,-32426.5,0,10,16,120,True
2025-08-08T15:15:17.316787,-5.0,-80.0,45857.0,0,10,-22,120,True
2025-08-08T15:15:17.374815,-7.0,-81.0,-26570.0,0,10,13,120,True
2025-08-08T15:15:17.432406,-27.0,-80.0,-24168.0,0,10,12,120,True
2025-08-08T15:15:17.488539,-16.0,-81.0,-17342.5,0,10,8,120,True
2025-08-08T15:15:17.547517,-21.0,-80.0,-12619.5,0,10,6,120,True
2025-08-08T15:15:17.606146,-23.0,-81.0,-11281.0,0,10,5,120,True
2025-08-08T15:15:17.663235,-39.0,-80.0,-13934.0,-3,10,6,120,True
2025-08-08T15:15:17.720079,-44.0,-83.0,79457.5,-4,10,-30,120,True
2025-08-08T15:15:17.776929,-55.0,-84.0,-6173.5,-5,10,3,120,True
2025-08-08T15:15:17.839165,-55.0,-86.0,-9764.0,-5,10,4,120,True
2025-08-08T15:15:17.895812,-50.0,-87.0,-11365.0,-5,10,5,120,True
2025-08-08T15:15:17.952540,-60.0,-87.0,-15111.5,-6,10,7,120,True
2025-08-08T15:15:18.010105,-61.0,-89.0,-15167.0,-6,11,7,120,True
2025-08-08T15:15:18.068728,-58.0,-89.0,-30421.0,-5,11,15,120,True
2025-08-08T15:15:18.125768,-63.0,-93.0,-19926.0,-6,11,9,120,True
2025-08-08T15:15:18.184621,-67.0,-95.0,-10815.0,-6,11,5,120,True
2025-08-08T15:15:18.244936,-71.0,-97.0,-13727.0,-7,12,6,120,True
2025-08-08T15:15:18.302288,73.0,3.0,-123874.0,7,0,30,120,True
2025-08-08T15:15:18.359922,-83.0,-97.0,-15475.0,-8,12,7,120,True
2025-08-08T15:15:18.417994,-85.0,-98.0,-15760.0,-8,12,7,120,True
2025-08-08T15:15:18.473873,-87.0,-98.0,-18841.0,-8,12,9,120,True
2025-08-08T15:15:18.531532,-122.0,-97.0,-14978.5,-12,12,7,120,True
2025-08-08T15:15:18.589328,-122.0,-97.0,-15037.0,-12,12,7,120,True
2025-08-08T15:15:18.647309,-121.0,-96.0,-15124.0,-12,12,7,120,True
2025-08-08T15:15:18.707396,-98.0,-98.0,-18425.5,-9,12,9,120,True
2025-08-08T15:15:18.766044,-115.0,-92.0,-9105.0,-11,11,4,120,True
2025-08-08T15:15:18.822937,-142.0,-100.0,-14830.0,-14,12,7,120,True
2025-08-08T15:15:18.878931,-145.0,-99.0,-8848.0,-14,12,4,120,True
2025-08-08T15:15:18.936067,-142.0,-97.0,-13273.5,-14,12,6,120,True
2025-08-08T15:15:18.993996,-148.0,-99.0,5371.5,-14,12,-2,120,True
2025-08-08T15:15:19.052442,-153.0,-99.0,-4183.0,-15,12,2,120,True
2025-08-08T15:15:19.110506,-140.0,-98.0,-36064.5,-14,12,18,120,True
2025-08-08T15:15:19.170443,-69.0,-27.0,-100021.5,-6,0,30,120,True
2025-08-08T15:15:19.228739,-44.0,15.0,-113371.5,-4,0,30,120,True
2025-08-08T15:15:19.286280,-76.0,-256.0,-112380.0,-7,32,30,120,True
2025-08-08T15:15:19.343307,-88.0,-258.0,-114707.5,-8,32,30,120,True
2025-08-08T15:15:19.399614,-90.0,-195.0,-112481.0,-9,24,30,120,True
2025-08-08T15:15:19.455933,-93.0,-95.0,-113336.0,-9,11,30,120,True
2025-08-08T15:15:19.512578,-106.0,-97.0,-116554.0,-10,12,30,120,True
2025-08-08T15:15:19.569495,-111.0,-96.0,-120989.0,-11,12,30,120,True
2025-08-08T15:15:19.625797,-97.0,-89.0,-123190.5,-9,11,30,120,True
2025-08-08T15:15:19.681788,-103.0,-92.0,-123581.5,-10,11,30,120,True
2025-08-08T15:15:19.740217,-102.0,-92.0,-123610.0,-10,11,30,120,True
2025-08-08T15:15:19.795873,-119.0,-91.0,-125009.0,-11,11,30,120,True
2025-08-08T15:15:19.854538,-129.0,-90.0,-126201.0,-12,11,30,120,True
2025-08-08T15:15:19.912096,-132.0,-90.0,-125113.0,-13,11,30,120,True
2025-08-08T15:15:19.967932,-131.0,-90.0,-125120.5,-13,11,30,120,True
2025-08-08T15:15:20.023737,-131.0,-89.0,-125136.5,-13,11,30,120,True
2025-08-08T15:15:20.080031,-133.0,-95.0,-125104.0,-13,11,30,120,True
2025-08-08T15:15:20.135797,-132.0,-94.0,-125134.5,-13,11,30,120,True
2025-08-08T15:15:20.193904,-125.0,-58.0,-126508.5,-12,7,30,120,True
2025-08-08T15:15:20.249933,-119.0,-42.0,-124031.0,-11,5,30,120,True
2025-08-08T15:15:20.306042,-117.0,-42.0,-123946.0,-11,5,30,120,True
2025-08-08T15:15:20.362010,-108.0,-31.0,-123889.0,-10,3,30,120,True
2025-08-08T15:15:20.419368,-108.0,-28.0,-123597.5,-10,0,30,120,True
2025-08-08T15:15:20.478777,-104.0,-20.0,-123195.0,-10,0,30,120,True
2025-08-08T15:15:20.536849,-97.0,-16.0,-123300.5,-9,0,30,120,True
2025-08-08T15:15:20.593819,-95.0,-10.0,-122693.5,-9,0,30,120,True
2025-08-08T15:15:20.651841,-92.0,-2.0,-122093.5,-9,0,30,120,True
2025-08-08T15:15:20.708117,-93.0,-43.0,-123142.0,-9,5,30,120,True
2025-08-08T15:15:20.764090,-92.0,-36.0,-122548.0,-9,4,30,120,True
2025-08-08T15:15:20.820380,-91.0,-29.0,-121663.0,-9,0,30,120,True
2025-08-08T15:15:20.876826,-86.0,-21.0,-120224.5,-8,0,30,120,True
2025-08-08T15:15:20.932982,-85.0,-15.0,-119880.5,-8,0,30,120,True
2025-08-08T15:15:20.989639,-118.0,-101.0,-118804.0,-11,12,30,120,True
2025-08-08T15:15:21.045482,-169.0,-20.0,-114197.5,-16,0,30,120,True
2025-08-08T15:15:21.101378,-219.0,7.0,-112825.0,-21,0,30,120,True
2025-08-08T15:15:21.156571,-312.0,64.0,-115231.5,-31,-8,30,120,True
2025-08-08T15:15:21.218854,-439.0,157.0,-121678.0,-43,-19,30,120,True
2025-08-08T15:15:27.274902,388.0,118.0,-121254.5,38,-14,30,120,True
2025-08-08T15:15:27.330732,376.0,118.0,-112975.0,37,-14,30,120,True
2025-08-08T15:15:27.385664,376.0,119.0,-113171.0,37,-14,30,120,True
2025-08-08T15:15:27.442555,364.0,113.0,-106046.5,36,-14,30,120,True
2025-08-08T15:15:27.499928,364.0,113.0,-106290.0,36,-14,30,120,True
2025-08-08T15:15:27.555712,376.0,153.0,-114299.0,37,-19,30,120,True
2025-08-08T15:15:27.611979,376.0,153.0,-114565.0,37,-19,30,120,True
2025-08-08T15:15:27.670149,388.0,145.0,-112585.5,38,-18,30,120,True
2025-08-08T15:15:27.725770,278.0,-55.0,-119118.5,27,6,30,120,True
2025-08-08T15:15:27.781580,267.0,-81.0,-118178.5,26,10,30,120,True
2025-08-08T15:15:27.840337,208.0,-178.0,-114978.5,20,22,30,120,True
2025-08-08T15:15:27.896968,196.0,-182.0,-114923.0,19,22,30,120,True
2025-08-08T15:15:27.953265,197.0,-175.0,-111828.0,19,21,30,120,True
2025-08-08T15:15:28.008160,173.0,-169.0,-105701.0,17,21,30,120,True
2025-08-08T15:15:28.064402,173.0,-169.0,-105806.0,17,21,30,120,True
2025-08-08T15:15:28.121733,126.0,-161.0,-97912.0,12,20,30,130,True
2025-08-08T15:15:28.178324,93.0,-151.0,-91407.5,9,18,30,130,True
2025-08-08T15:15:28.238102,84.0,-148.0,-97171.0,8,18,30,130,True
2025-08-08T15:15:28.295672,72.0,-138.0,-101373.0,7,17,30,130,True
2025-08-08T15:15:28.351890,65.0,-134.0,-103898.0,6,16,30,130,True
2025-08-08T15:15:28.406938,44.0,-131.0,-110557.5,4,16,30,130,True
2025-08-08T15:15:28.466513,44.0,-130.0,-113336.5,4,16,30,130,True
2025-08-08T15:15:28.523716,43.0,-128.0,-115472.0,4,16,30,130,True
2025-08-08T15:15:28.579968,43.0,-130.0,-116739.0,4,16,30,130,True
2025-08-08T15:15:28.637649,42.0,-146.0,-121538.5,4,18,30,130,True
2025-08-08T15:15:28.694111,42.0,-146.0,-121583.0,4,18,30,130,True
2025-08-08T15:15:28.750533,43.0,-207.0,-125222.0,4,25,30,130,True
2025-08-08T15:15:28.808085,39.0,-154.0,-123727.5,3,19,30,130,True
2025-08-08T15:15:29.501640,48.0,0.0,-127501.5,4,0,30,130,True
2025-08-08T15:15:29.560272,2.0,-46.0,-100943.0,0,5,30,130,True
2025-08-08T15:15:29.616030,2.0,-46.0,-100961.5,0,5,30,130,True
2025-08-08T15:15:29.673748,3.0,-45.0,-101008.5,0,5,30,130,True
2025-08-08T15:15:29.729895,-46.0,-37.0,-91599.5,-4,4,30,130,True
2025-08-08T15:15:29.786580,-74.0,-68.0,-46894.0,-7,8,23,130,True
2025-08-08T15:15:29.842839,-74.0,-67.0,-46913.0,-7,8,23,130,True
2025-08-08T15:15:29.900440,-76.0,-60.0,-25573.5,-7,7,12,130,True
2025-08-08T15:15:29.957864,-38.0,-83.0,56752.5,-3,10,-28,130,True
2025-08-08T15:15:30.015743,-38.0,-83.0,56696.5,-3,10,-28,130,True
2025-08-08T15:15:30.073857,-27.0,-72.0,153030.5,0,9,-30,130,True
2025-08-08T15:15:30.130934,-31.0,-71.0,166050.5,-3,8,-30,130,True
2025-08-08T15:15:30.188008,-32.0,-61.0,186284.0,-3,7,-30,130,True
2025-08-08T15:15:30.243956,-32.0,-61.0,185680.5,-3,7,-30,130,True
2025-08-08T15:15:30.300371,-27.0,-61.0,210217.0,0,7,-30,130,True
2025-08-08T15:15:30.358061,-24.0,-60.0,216803.0,0,7,-30,130,True
2025-08-08T15:15:30.415764,-24.0,-60.0,215311.0,0,7,-30,130,True
2025-08-08T15:15:30.473894,-21.0,-55.0,223581.5,0,6,-30,130,True
2025-08-08T15:15:30.530472,-13.0,-52.0,230783.5,0,6,-30,130,True
2025-08-08T15:15:30.586866,-8.0,-52.0,236308.0,0,6,-30,130,True
2025-08-08T15:15:30.643865,-5.0,-50.0,243440.5,0,6,-30,130,True
2025-08-08T15:15:30.700945,0.0,-50.0,248100.5,0,6,-30,130,True
2025-08-08T15:15:30.761058,0.0,-48.0,253580.0,0,6,-30,130,True
2025-08-08T15:15:30.817876,0.0,-49.0,258821.5,0,6,-30,130,True
2025-08-08T15:15:30.875767,0.0,-49.0,259211.0,0,6,-30,130,True
2025-08-08T15:15:30.932392,0.0,-49.0,261018.5,0,6,-30,130,True
2025-08-08T15:15:30.989319,0.0,-48.0,264095.0,0,6,-30,130,True
2025-08-08T15:15:31.045607,0.0,-46.0,267619.5,0,5,-30,120,True
2025-08-08T15:15:31.103791,0.0,-41.0,271189.5,0,5,-30,120,True
2025-08-08T15:15:31.161164,0.0,-40.0,278305.0,0,5,-30,120,True
2025-08-08T15:15:31.217269,0.0,-33.0,291183.5,0,4,-30,120,True
2025-08-08T15:15:31.275035,0.0,-32.0,291781.5,0,4,-30,120,True
2025-08-08T15:15:31.331034,0.0,-34.0,287027.5,0,4,-30,120,True
2025-08-08T15:15:31.387016,0.0,-39.0,274464.0,0,4,-30,120,True
2025-08-08T15:15:31.442689,0.0,-42.0,268538.5,0,5,-30,120,True
2025-08-08T15:15:31.499009,0.0,-44.0,270291.5,0,5,-30,130,True
2025-08-08T15:15:31.555480,0.0,-46.0,265917.0,0,5,-30,130,True
2025-08-08T15:15:31.610495,2.0,-50.0,251222.0,0,6,-30,130,True
2025-08-08T15:15:31.668155,2.0,-50.0,249681.5,0,6,-30,130,True
2025-08-08T15:15:31.724134,3.0,-49.0,248131.5,0,6,-30,130,True
2025-08-08T15:15:31.783935,3.0,-49.0,246534.5,0,6,-30,130,True
2025-08-08T15:15:31.841727,23.0,-60.0,218885.0,0,7,-30,130,True
2025-08-08T15:15:31.897813,36.0,-63.0,201566.0,3,7,-30,130,True
2025-08-08T15:15:31.954550,36.0,-63.0,200090.0,3,7,-30,130,True
2025-08-08T15:15:32.011078,41.0,-65.0,184049.5,4,8,-30,130,True
2025-08-08T15:15:32.067491,44.0,-65.0,179412.5,4,8,-30,130,True
2025-08-08T15:15:32.127757,46.0,-67.0,171292.0,4,8,-30,130,True
2025-08-08T15:15:32.182948,62.0,-88.0,145535.5,6,11,-30,130,True
2025-08-08T15:15:32.240375,70.0,-95.0,138944.0,7,11,-30,130,True
2025-08-08T15:15:32.296415,76.0,-95.0,133603.0,7,11,-30,130,True
2025-08-08T15:15:32.351932,83.0,-104.0,118256.5,8,13,-30,130,True
2025-08-08T15:15:32.409121,89.0,-105.0,109993.0,8,13,-30,130,True
2025-08-08T15:15:32.466708,90.0,-105.0,105234.5,9,13,-30,130,True
2025-08-08T15:15:32.523379,90.0,-105.0,104253.0,9,13,-30,130,True
2025-08-08T15:15:32.580760,92.0,-109.0,100963.0,9,13,-30,130,True
2025-08-08T15:15:32.638275,90.0,-111.0,93384.5,9,13,-30,120,True
2025-08-08T15:15:32.696303,88.0,-113.0,85499.5,8,14,-30,120,True
2025-08-08T15:15:32.751893,64.0,-119.0,75292.5,6,14,-30,120,True
2025-08-08T15:15:32.807200,49.0,-120.0,66481.0,4,15,-30,120,True
2025-08-08T15:15:32.864569,41.0,-121.0,59466.0,4,15,-29,120,True
2025-08-08T15:15:32.920830,30.0,-125.0,50185.5,3,15,-25,120,True
2025-08-08T15:15:32.976995,25.0,-126.0,48334.0,0,15,-24,120,True
2025-08-08T15:15:33.034648,17.0,-128.0,41904.5,0,16,-20,120,True
2025-08-08T15:15:33.090127,8.0,-127.0,40029.5,0,15,-20,120,True
2025-08-08T15:15:33.145579,-14.0,-127.0,36647.5,0,15,-18,120,True
2025-08-08T15:15:33.205638,-21.0,-126.0,37685.0,0,15,-18,120,True
2025-08-08T15:15:33.262100,-38.0,-121.0,42003.5,-3,15,-21,120,True
2025-08-08T15:15:33.318938,-48.0,-116.0,44764.5,-4,14,-22,120,True
2025-08-08T15:15:33.375484,-52.0,-112.0,41336.0,-5,14,-20,120,True
2025-08-08T15:15:33.432123,-55.0,-112.0,34473.0,-5,14,-17,120,True
2025-08-08T15:15:33.489202,-49.0,-113.0,25909.5,-4,14,-12,130,True
2025-08-08T15:15:33.547020,-46.0,-112.0,11468.5,-4,14,-5,130,True
2025-08-08T15:15:33.606620,-57.0,-114.0,-13622.0,-5,14,6,130,True
2025-08-08T15:15:33.663136,-56.0,-113.0,-15004.5,-5,14,7,130,True
2025-08-08T15:15:33.718712,-53.0,-115.0,-17881.0,-5,14,8,130,True
2025-08-08T15:15:33.774688,-43.0,-114.0,-20313.5,-4,14,10,130,True
2025-08-08T15:15:33.830855,-39.0,-115.0,-19528.5,-3,14,9,130,True
2025-08-08T15:15:33.886992,-29.0,-114.0,-21356.0,0,14,10,130,True
2025-08-08T15:15:33.942767,-48.0,-113.0,-16884.0,-4,14,8,130,True
2025-08-08T15:15:33.999100,15.0,-112.0,-17050.5,0,14,8,130,True
2025-08-08T15:15:34.057120,-20.0,-107.0,-20272.0,0,13,10,130,True
2025-08-08T15:15:34.113431,-3.0,-105.0,-22285.0,0,13,11,130,True
2025-08-08T15:15:34.170771,-3.0,-100.0,-16725.0,0,12,8,130,True
2025-08-08T15:15:34.226760,5.0,-100.0,-18096.5,0,12,9,130,True
2025-08-08T15:15:34.287627,21.0,-93.0,-14965.0,0,11,7,130,True
2025-08-08T15:15:34.344810,98.0,-91.0,-13484.5,9,11,6,130,True
2025-08-08T15:15:34.401670,98.0,-91.0,-13609.5,9,11,6,130,True
2025-08-08T15:15:34.457058,28.0,-87.0,-8047.0,0,10,4,130,True
2025-08-08T15:15:34.513533,27.0,-84.0,-3750.5,0,10,1,130,True
2025-08-08T15:15:34.570863,27.0,-81.0,-1074.0,0,10,0,130,True
2025-08-08T15:15:34.628009,100.0,-59.0,24407.5,10,7,-12,130,True
2025-08-08T15:15:34.684936,95.0,-32.0,42415.0,9,4,-21,130,True
2025-08-08T15:15:34.741552,86.0,-11.0,47096.5,8,0,-23,130,True
2025-08-08T15:15:34.797766,87.0,27.0,57057.5,8,0,-28,130,True
2025-08-08T15:15:34.853319,76.0,55.0,47690.0,7,-6,-23,130,True
2025-08-08T15:15:34.911588,72.0,60.0,51698.0,7,-7,-25,130,True
2025-08-08T15:15:34.970938,49.0,67.0,34126.0,4,-8,-17,130,True
2025-08-08T15:15:35.027040,22.0,68.0,22499.0,0,-8,-11,130,True
2025-08-08T15:15:35.083835,13.0,71.0,11509.5,0,-8,-5,130,True
2025-08-08T15:15:35.141800,6.0,71.0,-2649.0,0,-8,0,130,True
2025-08-08T15:15:35.197947,1.0,71.0,-1565.0,0,-8,0,130,True
2025-08-08T15:15:35.253947,-9.0,72.0,-11322.0,0,-9,5,130,True
2025-08-08T15:15:35.311501,-17.0,75.0,-15365.5,0,-9,7,130,True
2025-08-08T15:15:35.368887,-21.0,77.0,-33593.0,0,-9,16,130,True
2025-08-08T15:15:35.424400,-22.0,77.0,-43514.0,0,-9,21,130,True
2025-08-08T15:15:35.484363,-25.0,79.0,-45097.5,0,-9,22,130,True
2025-08-08T15:15:35.544153,-29.0,77.0,-61314.5,0,-9,30,130,True
2025-08-08T15:15:35.602271,-31.0,85.0,-73362.0,-3,-10,30,130,True
2025-08-08T15:15:35.659601,-32.0,82.0,-79253.0,-3,-10,30,130,True
2025-08-08T15:15:35.716665,-32.0,81.0,-81923.0,-3,-10,30,130,True
2025-08-08T15:15:35.773764,-35.0,83.0,-83152.0,-3,-10,30,130,True
2025-08-08T15:15:35.831036,-36.0,83.0,-83892.0,-3,-10,30,130,True
2025-08-08T15:15:35.888064,-36.0,77.0,-89026.0,-3,-9,30,130,True
2025-08-08T15:15:35.944932,-32.0,76.0,-100572.0,-3,-9,30,130,True
2025-08-08T15:15:36.001120,-167.0,170.0,-117533.5,-16,-21,30,130,True
2025-08-08T15:15:36.056231,-168.0,182.0,-116494.5,-16,-22,30,130,True
2025-08-08T15:15:36.113202,-19.0,92.0,-94501.5,0,-11,30,130,True
2025-08-08T15:15:36.171360,-16.0,92.0,-93736.0,0,-11,30,130,True
2025-08-08T15:15:36.228649,-30.0,89.0,-90090.5,-3,-11,30,130,True
2025-08-08T15:15:36.285879,-27.0,88.0,-88592.5,0,-11,30,130,True
2025-08-08T15:15:36.342916,-26.0,87.0,-85348.5,0,-10,30,130,True
2025-08-08T15:15:36.400129,-22.0,81.0,-84237.5,0,-10,30,130,True
2025-08-08T15:15:36.458119,-25.0,73.0,-81984.5,0,-9,30,130,True
2025-08-08T15:15:36.514755,-26.0,71.0,-80635.0,0,-8,30,130,True
2025-08-08T15:15:36.572685,-30.0,58.0,-80501.0,-3,-7,30,130,True
2025-08-08T15:15:36.631820,-30.0,58.0,-80532.5,-3,-7,30,130,True
2025-08-08T15:15:36.687969,-37.0,28.0,-74910.5,-3,0,30,130,True
2025-08-08T15:15:36.744233,-37.0,28.0,-75003.0,-3,0,30,130,True
2025-08-08T15:15:36.801701,-249.0,111.0,-100665.0,-24,-13,30,130,True
2025-08-08T15:15:36.858015,-277.0,148.0,-113618.5,-27,-18,30,130,True
2025-08-08T15:15:36.914479,-282.0,181.0,-117474.5,-28,-22,30,130,True
2025-08-08T15:15:36.972133,-308.0,207.0,-118077.0,-30,-25,30,130,True
2025-08-08T15:15:37.030561,-306.0,207.0,-118072.5,-30,-25,30,130,True
2025-08-08T15:15:37.089088,-164.0,162.0,-43732.5,-16,-20,21,130,True
2025-08-08T15:15:37.146106,-133.0,167.0,-27048.0,-13,-20,13,130,True
2025-08-08T15:15:37.204466,-137.0,144.0,1762.5,-13,-18,0,130,True
2025-08-08T15:15:37.262389,-159.0,126.0,16680.0,-15,-15,-8,130,True
2025-08-08T15:15:37.320071,-136.0,73.0,84469.5,-13,-9,-30,130,True
2025-08-08T15:15:37.379716,-135.0,63.0,112819.5,-13,-7,-30,130,True
2025-08-08T15:15:37.437720,-110.0,40.0,165545.5,-11,-5,-30,130,True
2025-08-08T15:15:37.495966,-83.0,0.0,228130.5,-8,0,-30,130,True
2025-08-08T15:15:37.555545,-60.0,0.0,354141.5,-6,0,-30,130,True
2025-08-08T15:15:37.612797,-48.0,0.0,382782.0,-4,0,-30,120,True
2025-08-08T15:15:37.668204,-28.0,0.0,415059.0,0,0,-30,120,True
2025-08-08T15:15:37.724110,-4.0,0.0,437365.5,0,0,-30,120,True
2025-08-08T15:15:37.782623,0.0,0.0,439614.5,0,0,-30,120,True
2025-08-08T15:15:37.840326,20.0,0.0,440013.5,0,0,-30,120,True
2025-08-08T15:15:37.898890,28.0,0.0,425121.5,0,0,-30,120,True
2025-08-08T15:15:37.955726,39.0,0.0,390261.5,3,0,-30,120,True
2025-08-08T15:15:38.013112,40.0,0.0,384385.0,4,0,-30,120,True
2025-08-08T15:15:38.069788,34.0,0.0,394840.5,3,0,-30,120,True
2025-08-08T15:15:38.125593,20.0,0.0,417019.5,0,0,-30,120,True
2025-08-08T15:15:38.184602,20.0,0.0,414688.5,0,0,-30,120,True
2025-08-08T15:15:38.240452,9.0,0.0,427859.5,0,0,-30,120,True
2025-08-08T15:15:38.297074,1.0,0.0,426355.5,0,0,-30,120,True
2025-08-08T15:15:38.352492,0.0,0.0,413033.0,0,0,-30,120,True
2025-08-08T15:15:38.408628,0.0,0.0,392338.0,0,0,-30,120,True
2025-08-08T15:15:38.464391,0.0,0.0,385910.0,0,0,-30,120,True
2025-08-08T15:15:38.522516,0.0,-4.0,365898.0,0,0,-30,120,True
2025-08-08T15:15:38.579845,0.0,-13.0,349250.0,0,0,-30,120,True
2025-08-08T15:15:38.635993,0.0,-16.0,341285.5,0,0,-30,120,True
2025-08-08T15:15:38.692006,0.0,-20.0,328776.5,0,0,-30,130,True
2025-08-08T15:15:38.748813,0.0,-22.0,317057.0,0,0,-30,130,True
2025-08-08T15:15:38.804848,0.0,-23.0,307607.5,0,0,-30,130,True
2025-08-08T15:15:38.862305,0.0,-26.0,283427.0,0,0,-30,130,True
2025-08-08T15:15:38.919067,0.0,-28.0,260117.0,0,0,-30,130,True
2025-08-08T15:15:38.975715,0.0,-35.0,247421.5,0,4,-30,130,True
2025-08-08T15:15:39.033597,0.0,-35.0,235792.5,0,4,-30,130,True
2025-08-08T15:15:39.091181,0.0,-39.0,223548.5,0,4,-30,130,True
2025-08-08T15:15:39.148089,-10.0,-43.0,206006.5,0,5,-30,130,True
2025-08-08T15:15:39.205755,-14.0,-50.0,181166.0,0,6,-30,130,True
2025-08-08T15:15:39.265737,-13.0,-54.0,169108.0,0,6,-30,130,True
2025-08-08T15:15:39.322607,-7.0,-61.0,143538.5,0,7,-30,130,True
2025-08-08T15:15:39.379178,-12.0,-66.0,125197.0,0,8,-30,130,True
2025-08-08T15:15:39.438807,-16.0,-68.0,118318.0,0,8,-30,130,True
2025-08-08T15:15:39.494835,-17.0,-73.0,105048.5,0,9,-30,130,True
2025-08-08T15:15:39.553089,-22.0,-86.0,80608.0,0,10,-30,130,True
2025-08-08T15:15:39.608448,-81.0,-89.0,70121.0,-8,11,-30,130,True
2025-08-08T15:15:39.670006,-28.0,-91.0,67747.5,0,11,-30,130,True
2025-08-08T15:15:39.725976,-29.0,-90.0,59675.5,0,11,-29,130,True
2025-08-08T15:15:39.781460,-35.0,-92.0,47914.5,-3,11,-23,130,True
2025-08-08T15:15:39.840424,-35.0,-93.0,44994.5,-3,11,-22,130,True
2025-08-08T15:15:39.896134,-35.0,-94.0,32918.0,-3,11,-16,130,True
2025-08-08T15:15:39.951930,-33.0,-94.0,27386.5,-3,11,-13,130,True
2025-08-08T15:15:40.012763,-36.0,-96.0,16751.0,-3,12,-8,130,True
2025-08-08T15:15:40.072888,-34.0,-110.0,6743.5,-3,13,-3,130,True
2025-08-08T15:15:40.131105,-36.0,-111.0,-544.0,-3,13,0,130,True
2025-08-08T15:15:40.187768,-40.0,-112.0,-5647.5,-4,14,2,130,True
2025-08-08T15:15:40.243622,-44.0,-112.0,-7214.5,-4,14,3,130,True
2025-08-08T15:15:40.300909,-45.0,-112.0,-5025.5,-4,14,2,130,True
2025-08-08T15:15:40.357795,-50.0,-96.0,-11046.0,-5,12,5,130,True
2025-08-08T15:15:40.413438,-20.0,-38.0,-42163.5,0,4,21,130,True
2025-08-08T15:15:40.471947,-20.0,-38.0,-42196.5,0,4,21,130,True
2025-08-08T15:15:40.529859,14.0,19.0,-61648.5,0,0,30,130,True
2025-08-08T15:15:40.584553,92.0,148.0,-80302.5,9,-18,30,130,True
2025-08-08T15:15:40.640564,129.0,187.0,-81451.0,12,-23,30,130,True
2025-08-08T15:15:40.696815,214.0,263.0,-120699.5,21,-32,30,130,True
2025-08-08T15:15:40.753376,214.0,263.0,-120842.5,21,-32,30,130,True
